page,name,link
page number : 3,Exam PT0-001 topic 1 question 100 discussion,https://www.examtopics.com//discussions/comptia/view/17658-exam-pt0-001-topic-1-question-100-discussion/
page number : 3,Exam PT0-001 topic 1 question 99 discussion,https://www.examtopics.com//discussions/comptia/view/16166-exam-pt0-001-topic-1-question-99-discussion/
page number : 5,Exam PT0-001 topic 1 question 57 discussion,https://www.examtopics.com//discussions/comptia/view/14772-exam-pt0-001-topic-1-question-57-discussion/
page number : 5,Exam PT0-001 topic 1 question 56 discussion,https://www.examtopics.com//discussions/comptia/view/16955-exam-pt0-001-topic-1-question-56-discussion/
page number : 23,Exam PT0-001 topic 1 question 76 discussion,https://www.examtopics.com//discussions/comptia/view/18385-exam-pt0-001-topic-1-question-76-discussion/
page number : 27,Exam PT0-001 topic 1 question 108 discussion,https://www.examtopics.com//discussions/comptia/view/18538-exam-pt0-001-topic-1-question-108-discussion/
page number : 29,Exam PT0-001 topic 1 question 4 discussion,https://www.examtopics.com//discussions/comptia/view/10029-exam-pt0-001-topic-1-question-4-discussion/
page number : 29,Exam PT0-001 topic 1 question 3 discussion,https://www.examtopics.com//discussions/comptia/view/10160-exam-pt0-001-topic-1-question-3-discussion/
page number : 39,Exam PT0-001 topic 1 question 27 discussion,https://www.examtopics.com//discussions/comptia/view/4504-exam-pt0-001-topic-1-question-27-discussion/
page number : 41,Exam PT0-001 topic 1 question 12 discussion,https://www.examtopics.com//discussions/comptia/view/4503-exam-pt0-001-topic-1-question-12-discussion/
page number : 43,Exam PT0-001 topic 1 question 115 discussion,https://www.examtopics.com//discussions/comptia/view/52708-exam-pt0-001-topic-1-question-115-discussion/
page number : 43,Exam PT0-001 topic 1 question 109 discussion,https://www.examtopics.com//discussions/comptia/view/16609-exam-pt0-001-topic-1-question-109-discussion/
page number : 43,Exam PT0-001 topic 1 question 104 discussion,https://www.examtopics.com//discussions/comptia/view/17646-exam-pt0-001-topic-1-question-104-discussion/
page number : 47,Exam PT0-001 topic 1 question 98 discussion,https://www.examtopics.com//discussions/comptia/view/52037-exam-pt0-001-topic-1-question-98-discussion/
page number : 60,Exam PT0-001 topic 1 question 83 discussion,https://www.examtopics.com//discussions/comptia/view/52034-exam-pt0-001-topic-1-question-83-discussion/
page number : 61,Exam PT0-001 topic 1 question 44 discussion,https://www.examtopics.com//discussions/comptia/view/5607-exam-pt0-001-topic-1-question-44-discussion/
page number : 61,Exam PT0-001 topic 1 question 165 discussion,https://www.examtopics.com//discussions/comptia/view/53719-exam-pt0-001-topic-1-question-165-discussion/
page number : 61,Exam PT0-001 topic 1 question 161 discussion,https://www.examtopics.com//discussions/comptia/view/51612-exam-pt0-001-topic-1-question-161-discussion/
page number : 61,Exam PT0-001 topic 1 question 41 discussion,https://www.examtopics.com//discussions/comptia/view/18002-exam-pt0-001-topic-1-question-41-discussion/
page number : 62,Exam PT0-001 topic 1 question 89 discussion,https://www.examtopics.com//discussions/comptia/view/18453-exam-pt0-001-topic-1-question-89-discussion/
page number : 62,Exam PT0-001 topic 1 question 50 discussion,https://www.examtopics.com//discussions/comptia/view/4510-exam-pt0-001-topic-1-question-50-discussion/
page number : 63,Exam PT0-001 topic 1 question 193 discussion,https://www.examtopics.com//discussions/comptia/view/56074-exam-pt0-001-topic-1-question-193-discussion/
page number : 63,Exam PT0-001 topic 1 question 66 discussion,https://www.examtopics.com//discussions/comptia/view/51756-exam-pt0-001-topic-1-question-66-discussion/
page number : 66,Exam PT0-001 topic 1 question 15 discussion,https://www.examtopics.com//discussions/comptia/view/17934-exam-pt0-001-topic-1-question-15-discussion/
page number : 70,Exam PT0-001 topic 1 question 167 discussion,https://www.examtopics.com//discussions/comptia/view/53069-exam-pt0-001-topic-1-question-167-discussion/
page number : 70,Exam PT0-001 topic 1 question 51 discussion,https://www.examtopics.com//discussions/comptia/view/7750-exam-pt0-001-topic-1-question-51-discussion/
page number : 73,Exam PT0-001 topic 1 question 46 discussion,https://www.examtopics.com//discussions/comptia/view/10118-exam-pt0-001-topic-1-question-46-discussion/
page number : 74,Exam PT0-001 topic 1 question 45 discussion,https://www.examtopics.com//discussions/comptia/view/18005-exam-pt0-001-topic-1-question-45-discussion/
page number : 74,Exam PT0-001 topic 1 question 123 discussion,https://www.examtopics.com//discussions/comptia/view/17653-exam-pt0-001-topic-1-question-123-discussion/
page number : 74,Exam PT0-001 topic 1 question 110 discussion,https://www.examtopics.com//discussions/comptia/view/16434-exam-pt0-001-topic-1-question-110-discussion/
page number : 75,Exam PT0-001 topic 1 question 154 discussion,https://www.examtopics.com//discussions/comptia/view/51557-exam-pt0-001-topic-1-question-154-discussion/
page number : 76,Exam PT0-001 topic 1 question 139 discussion,https://www.examtopics.com//discussions/comptia/view/55656-exam-pt0-001-topic-1-question-139-discussion/
page number : 77,Exam PT0-001 topic 1 question 14 discussion,https://www.examtopics.com//discussions/comptia/view/17604-exam-pt0-001-topic-1-question-14-discussion/
page number : 78,Exam PT0-001 topic 1 question 17 discussion,https://www.examtopics.com//discussions/comptia/view/14760-exam-pt0-001-topic-1-question-17-discussion/
page number : 79,Exam PT0-001 topic 1 question 107 discussion,https://www.examtopics.com//discussions/comptia/view/56857-exam-pt0-001-topic-1-question-107-discussion/
page number : 79,Exam PT0-001 topic 1 question 153 discussion,https://www.examtopics.com//discussions/comptia/view/51555-exam-pt0-001-topic-1-question-153-discussion/
page number : 79,Exam PT0-001 topic 1 question 156 discussion,https://www.examtopics.com//discussions/comptia/view/56185-exam-pt0-001-topic-1-question-156-discussion/
page number : 80,Exam PT0-001 topic 1 question 133 discussion,https://www.examtopics.com//discussions/comptia/view/39039-exam-pt0-001-topic-1-question-133-discussion/
page number : 81,Exam PT0-001 topic 1 question 21 discussion,https://www.examtopics.com//discussions/comptia/view/3399-exam-pt0-001-topic-1-question-21-discussion/
page number : 81,Exam PT0-001 topic 1 question 26 discussion,https://www.examtopics.com//discussions/comptia/view/20350-exam-pt0-001-topic-1-question-26-discussion/
page number : 83,Exam PT0-001 topic 1 question 53 discussion,https://www.examtopics.com//discussions/comptia/view/4334-exam-pt0-001-topic-1-question-53-discussion/
page number : 84,Exam PT0-001 topic 1 question 160 discussion,https://www.examtopics.com//discussions/comptia/view/54724-exam-pt0-001-topic-1-question-160-discussion/
page number : 84,Exam PT0-001 topic 1 question 158 discussion,https://www.examtopics.com//discussions/comptia/view/59957-exam-pt0-001-topic-1-question-158-discussion/
page number : 87,Exam PT0-001 topic 1 question 155 discussion,https://www.examtopics.com//discussions/comptia/view/56087-exam-pt0-001-topic-1-question-155-discussion/
page number : 88,Exam PT0-001 topic 1 question 151 discussion,https://www.examtopics.com//discussions/comptia/view/56137-exam-pt0-001-topic-1-question-151-discussion/
page number : 88,Exam PT0-001 topic 1 question 117 discussion,https://www.examtopics.com//discussions/comptia/view/17561-exam-pt0-001-topic-1-question-117-discussion/
page number : 92,Exam PT0-001 topic 1 question 60 discussion,https://www.examtopics.com//discussions/comptia/view/18103-exam-pt0-001-topic-1-question-60-discussion/
page number : 93,Exam PT0-001 topic 1 question 84 discussion,https://www.examtopics.com//discussions/comptia/view/18392-exam-pt0-001-topic-1-question-84-discussion/
page number : 93,Exam PT0-001 topic 1 question 81 discussion,https://www.examtopics.com//discussions/comptia/view/16161-exam-pt0-001-topic-1-question-81-discussion/
page number : 93,Exam PT0-001 topic 1 question 55 discussion,https://www.examtopics.com//discussions/comptia/view/18054-exam-pt0-001-topic-1-question-55-discussion/
page number : 93,Exam PT0-001 topic 1 question 48 discussion,https://www.examtopics.com//discussions/comptia/view/17563-exam-pt0-001-topic-1-question-48-discussion/
page number : 93,Exam PT0-001 topic 1 question 43 discussion,https://www.examtopics.com//discussions/comptia/view/53596-exam-pt0-001-topic-1-question-43-discussion/
page number : 93,Exam PT0-001 topic 1 question 177 discussion,https://www.examtopics.com//discussions/comptia/view/52228-exam-pt0-001-topic-1-question-177-discussion/
page number : 93,Exam PT0-001 topic 1 question 174 discussion,https://www.examtopics.com//discussions/comptia/view/51626-exam-pt0-001-topic-1-question-174-discussion/
page number : 93,Exam PT0-001 topic 1 question 34 discussion,https://www.examtopics.com//discussions/comptia/view/17618-exam-pt0-001-topic-1-question-34-discussion/
page number : 94,Exam PT0-001 topic 1 question 132 discussion,https://www.examtopics.com//discussions/comptia/view/35122-exam-pt0-001-topic-1-question-132-discussion/
page number : 94,Exam PT0-001 topic 1 question 120 discussion,https://www.examtopics.com//discussions/comptia/view/18548-exam-pt0-001-topic-1-question-120-discussion/
page number : 94,Exam PT0-001 topic 1 question 113 discussion,https://www.examtopics.com//discussions/comptia/view/18546-exam-pt0-001-topic-1-question-113-discussion/
page number : 94,Exam PT0-001 topic 1 question 87 discussion,https://www.examtopics.com//discussions/comptia/view/17460-exam-pt0-001-topic-1-question-87-discussion/
page number : 94,Exam PT0-001 topic 1 question 78 discussion,https://www.examtopics.com//discussions/comptia/view/17155-exam-pt0-001-topic-1-question-78-discussion/
page number : 94,Exam PT0-001 topic 1 question 73 discussion,https://www.examtopics.com//discussions/comptia/view/18383-exam-pt0-001-topic-1-question-73-discussion/
page number : 94,Exam PT0-001 topic 1 question 70 discussion,https://www.examtopics.com//discussions/comptia/view/18380-exam-pt0-001-topic-1-question-70-discussion/
page number : 94,Exam PT0-001 topic 1 question 67 discussion,https://www.examtopics.com//discussions/comptia/view/16583-exam-pt0-001-topic-1-question-67-discussion/
page number : 94,Exam PT0-001 topic 1 question 63 discussion,https://www.examtopics.com//discussions/comptia/view/16961-exam-pt0-001-topic-1-question-63-discussion/
page number : 94,Exam PT0-001 topic 1 question 61 discussion,https://www.examtopics.com//discussions/comptia/view/14774-exam-pt0-001-topic-1-question-61-discussion/
page number : 96,Exam PT0-001 topic 1 question 140 discussion,https://www.examtopics.com//discussions/comptia/view/54487-exam-pt0-001-topic-1-question-140-discussion/
page number : 96,Exam PT0-001 topic 1 question 138 discussion,https://www.examtopics.com//discussions/comptia/view/33949-exam-pt0-001-topic-1-question-138-discussion/
page number : 96,Exam PT0-001 topic 1 question 136 discussion,https://www.examtopics.com//discussions/comptia/view/16606-exam-pt0-001-topic-1-question-136-discussion/
page number : 96,Exam PT0-001 topic 1 question 125 discussion,https://www.examtopics.com//discussions/comptia/view/16963-exam-pt0-001-topic-1-question-125-discussion/
page number : 96,Exam PT0-001 topic 1 question 103 discussion,https://www.examtopics.com//discussions/comptia/view/17560-exam-pt0-001-topic-1-question-103-discussion/
page number : 96,Exam PT0-001 topic 1 question 20 discussion,https://www.examtopics.com//discussions/comptia/view/17957-exam-pt0-001-topic-1-question-20-discussion/
page number : 97,Exam PT0-001 topic 1 question 175 discussion,https://www.examtopics.com//discussions/comptia/view/52724-exam-pt0-001-topic-1-question-175-discussion/
page number : 98,Exam PT0-001 topic 1 question 106 discussion,https://www.examtopics.com//discussions/comptia/view/16172-exam-pt0-001-topic-1-question-106-discussion/
page number : 99,Exam PT0-001 topic 1 question 180 discussion,https://www.examtopics.com//discussions/comptia/view/52725-exam-pt0-001-topic-1-question-180-discussion/
page number : 99,Exam PT0-001 topic 1 question 166 discussion,https://www.examtopics.com//discussions/comptia/view/57501-exam-pt0-001-topic-1-question-166-discussion/
page number : 100,Exam PT0-001 topic 1 question 147 discussion,https://www.examtopics.com//discussions/comptia/view/57224-exam-pt0-001-topic-1-question-147-discussion/
page number : 101,Exam PT0-001 topic 1 question 131 discussion,https://www.examtopics.com//discussions/comptia/view/57142-exam-pt0-001-topic-1-question-131-discussion/
page number : 101,Exam PT0-001 topic 1 question 38 discussion,https://www.examtopics.com//discussions/comptia/view/17999-exam-pt0-001-topic-1-question-38-discussion/
page number : 102,Exam PT0-001 topic 1 question 54 discussion,https://www.examtopics.com//discussions/comptia/view/17140-exam-pt0-001-topic-1-question-54-discussion/
page number : 104,Exam PT0-001 topic 1 question 191 discussion,https://www.examtopics.com//discussions/comptia/view/54878-exam-pt0-001-topic-1-question-191-discussion/
page number : 104,Exam PT0-001 topic 1 question 1 discussion,https://www.examtopics.com//discussions/comptia/view/17810-exam-pt0-001-topic-1-question-1-discussion/
page number : 104,Exam PT0-001 topic 1 question 64 discussion,https://www.examtopics.com//discussions/comptia/view/4511-exam-pt0-001-topic-1-question-64-discussion/
page number : 105,Exam PT0-001 topic 1 question 18 discussion,https://www.examtopics.com//discussions/comptia/view/2205-exam-pt0-001-topic-1-question-18-discussion/
page number : 105,Exam PT0-001 topic 1 question 86 discussion,https://www.examtopics.com//discussions/comptia/view/18394-exam-pt0-001-topic-1-question-86-discussion/
page number : 105,Exam PT0-001 topic 1 question 62 discussion,https://www.examtopics.com//discussions/comptia/view/9620-exam-pt0-001-topic-1-question-62-discussion/
page number : 105,Exam PT0-001 topic 1 question 52 discussion,https://www.examtopics.com//discussions/comptia/view/7751-exam-pt0-001-topic-1-question-52-discussion/
page number : 105,Exam PT0-001 topic 1 question 49 discussion,https://www.examtopics.com//discussions/comptia/view/18049-exam-pt0-001-topic-1-question-49-discussion/
page number : 105,Exam PT0-001 topic 1 question 28 discussion,https://www.examtopics.com//discussions/comptia/view/11311-exam-pt0-001-topic-1-question-28-discussion/
page number : 105,Exam PT0-001 topic 1 question 102 discussion,https://www.examtopics.com//discussions/comptia/view/18536-exam-pt0-001-topic-1-question-102-discussion/
page number : 105,Exam PT0-001 topic 1 question 118 discussion,https://www.examtopics.com//discussions/comptia/view/17743-exam-pt0-001-topic-1-question-118-discussion/
page number : 106,Exam PT0-001 topic 1 question 95 discussion,https://www.examtopics.com//discussions/comptia/view/19504-exam-pt0-001-topic-1-question-95-discussion/
page number : 108,Exam PT0-001 topic 1 question 144 discussion,https://www.examtopics.com//discussions/comptia/view/53138-exam-pt0-001-topic-1-question-144-discussion/
page number : 108,Exam PT0-001 topic 1 question 85 discussion,https://www.examtopics.com//discussions/comptia/view/17459-exam-pt0-001-topic-1-question-85-discussion/
page number : 108,Exam PT0-001 topic 1 question 11 discussion,https://www.examtopics.com//discussions/comptia/view/17931-exam-pt0-001-topic-1-question-11-discussion/
page number : 108,Exam PT0-001 topic 1 question 196 discussion,https://www.examtopics.com//discussions/comptia/view/57324-exam-pt0-001-topic-1-question-196-discussion/
page number : 109,Exam PT0-001 topic 1 question 186 discussion,https://www.examtopics.com//discussions/comptia/view/59350-exam-pt0-001-topic-1-question-186-discussion/
page number : 110,Exam PT0-001 topic 1 question 5 discussion,https://www.examtopics.com//discussions/comptia/view/10030-exam-pt0-001-topic-1-question-5-discussion/
page number : 113,Exam PT0-001 topic 1 question 190 discussion,https://www.examtopics.com//discussions/comptia/view/53839-exam-pt0-001-topic-1-question-190-discussion/
page number : 113,Exam PT0-001 topic 1 question 188 discussion,https://www.examtopics.com//discussions/comptia/view/53083-exam-pt0-001-topic-1-question-188-discussion/
page number : 113,Exam PT0-001 topic 1 question 178 discussion,https://www.examtopics.com//discussions/comptia/view/55617-exam-pt0-001-topic-1-question-178-discussion/
page number : 113,Exam PT0-001 topic 2 question 8 discussion,https://www.examtopics.com//discussions/comptia/view/37273-exam-pt0-001-topic-2-question-8-discussion/
page number : 113,Exam PT0-001 topic 1 question 111 discussion,https://www.examtopics.com//discussions/comptia/view/18544-exam-pt0-001-topic-1-question-111-discussion/
page number : 113,Exam PT0-001 topic 1 question 169 discussion,https://www.examtopics.com//discussions/comptia/view/52011-exam-pt0-001-topic-1-question-169-discussion/
page number : 116,Exam PT0-001 topic 1 question 98 discussion,https://www.examtopics.com//discussions/comptia/view/18535-exam-pt0-001-topic-1-question-98-discussion/
page number : 117,Exam PT0-001 topic 1 question 30 discussion,https://www.examtopics.com//discussions/comptia/view/4505-exam-pt0-001-topic-1-question-30-discussion/
page number : 118,Exam PT0-001 topic 1 question 80 discussion,https://www.examtopics.com//discussions/comptia/view/16162-exam-pt0-001-topic-1-question-80-discussion/
page number : 118,Exam PT0-001 topic 1 question 93 discussion,https://www.examtopics.com//discussions/comptia/view/17654-exam-pt0-001-topic-1-question-93-discussion/
page number : 120,Exam PT0-001 topic 1 question 189 discussion,https://www.examtopics.com//discussions/comptia/view/53085-exam-pt0-001-topic-1-question-189-discussion/
page number : 120,Exam PT0-001 topic 1 question 182 discussion,https://www.examtopics.com//discussions/comptia/view/57337-exam-pt0-001-topic-1-question-182-discussion/
page number : 120,Exam PT0-001 topic 1 question 179 discussion,https://www.examtopics.com//discussions/comptia/view/57330-exam-pt0-001-topic-1-question-179-discussion/
page number : 120,Exam PT0-001 topic 1 question 168 discussion,https://www.examtopics.com//discussions/comptia/view/53831-exam-pt0-001-topic-1-question-168-discussion/
page number : 121,Exam PT0-001 topic 1 question 69 discussion,https://www.examtopics.com//discussions/comptia/view/39041-exam-pt0-001-topic-1-question-69-discussion/
page number : 121,Exam PT0-001 topic 1 question 157 discussion,https://www.examtopics.com//discussions/comptia/view/56101-exam-pt0-001-topic-1-question-157-discussion/
page number : 121,Exam PT0-001 topic 1 question 58 discussion,https://www.examtopics.com//discussions/comptia/view/18102-exam-pt0-001-topic-1-question-58-discussion/
page number : 121,Exam PT0-001 topic 1 question 152 discussion,https://www.examtopics.com//discussions/comptia/view/54694-exam-pt0-001-topic-1-question-152-discussion/
page number : 121,Exam PT0-001 topic 1 question 150 discussion,https://www.examtopics.com//discussions/comptia/view/52459-exam-pt0-001-topic-1-question-150-discussion/
page number : 122,Exam PT0-001 topic 1 question 149 discussion,https://www.examtopics.com//discussions/comptia/view/53565-exam-pt0-001-topic-1-question-149-discussion/
page number : 122,Exam PT0-001 topic 1 question 148 discussion,https://www.examtopics.com//discussions/comptia/view/54671-exam-pt0-001-topic-1-question-148-discussion/
page number : 122,Exam PT0-001 topic 1 question 31 discussion,https://www.examtopics.com//discussions/comptia/view/17966-exam-pt0-001-topic-1-question-31-discussion/
page number : 122,Exam PT0-001 topic 1 question 142 discussion,https://www.examtopics.com//discussions/comptia/view/53668-exam-pt0-001-topic-1-question-142-discussion/
page number : 122,Exam PT0-001 topic 1 question 135 discussion,https://www.examtopics.com//discussions/comptia/view/52190-exam-pt0-001-topic-1-question-135-discussion/
page number : 122,Exam PT0-001 topic 1 question 124 discussion,https://www.examtopics.com//discussions/comptia/view/17804-exam-pt0-001-topic-1-question-124-discussion/
page number : 122,Exam PT0-001 topic 1 question 121 discussion,https://www.examtopics.com//discussions/comptia/view/17782-exam-pt0-001-topic-1-question-121-discussion/
page number : 123,Exam PT0-001 topic 1 question 97 discussion,https://www.examtopics.com//discussions/comptia/view/18534-exam-pt0-001-topic-1-question-97-discussion/
page number : 123,Exam PT0-001 topic 1 question 77 discussion,https://www.examtopics.com//discussions/comptia/view/55550-exam-pt0-001-topic-1-question-77-discussion/
page number : 123,Exam PT0-001 topic 1 question 2 discussion,https://www.examtopics.com//discussions/comptia/view/17811-exam-pt0-001-topic-1-question-2-discussion/
page number : 123,Exam PT0-001 topic 1 question 143 discussion,https://www.examtopics.com//discussions/comptia/view/53260-exam-pt0-001-topic-1-question-143-discussion/
page number : 124,Exam PT0-001 topic 1 question 94 discussion,https://www.examtopics.com//discussions/comptia/view/39393-exam-pt0-001-topic-1-question-94-discussion/
page number : 124,Exam PT0-001 topic 1 question 29 discussion,https://www.examtopics.com//discussions/comptia/view/17965-exam-pt0-001-topic-1-question-29-discussion/
page number : 124,Exam PT0-001 topic 1 question 25 discussion,https://www.examtopics.com//discussions/comptia/view/17963-exam-pt0-001-topic-1-question-25-discussion/
page number : 125,Exam PT0-001 topic 1 question 16 discussion,https://www.examtopics.com//discussions/comptia/view/14758-exam-pt0-001-topic-1-question-16-discussion/
page number : 125,Exam PT0-001 topic 1 question 134 discussion,https://www.examtopics.com//discussions/comptia/view/17502-exam-pt0-001-topic-1-question-134-discussion/
page number : 127,Exam PT0-001 topic 1 question 32 discussion,https://www.examtopics.com//discussions/comptia/view/17967-exam-pt0-001-topic-1-question-32-discussion/
page number : 129,Exam PT0-001 topic 1 question 74 discussion,https://www.examtopics.com//discussions/comptia/view/52694-exam-pt0-001-topic-1-question-74-discussion/
page number : 130,Exam PT0-001 topic 1 question 159 discussion,https://www.examtopics.com//discussions/comptia/view/56240-exam-pt0-001-topic-1-question-159-discussion/
page number : 131,Exam PT0-001 topic 1 question 141 discussion,https://www.examtopics.com//discussions/comptia/view/57145-exam-pt0-001-topic-1-question-141-discussion/
page number : 134,Exam PT0-001 topic 1 question 162 discussion,https://www.examtopics.com//discussions/comptia/view/51614-exam-pt0-001-topic-1-question-162-discussion/
page number : 135,Exam PT0-001 topic 1 question 66 discussion,https://www.examtopics.com//discussions/comptia/view/16426-exam-pt0-001-topic-1-question-66-discussion/
page number : 135,Exam PT0-001 topic 1 question 183 discussion,https://www.examtopics.com//discussions/comptia/view/53078-exam-pt0-001-topic-1-question-183-discussion/
page number : 135,Exam PT0-001 topic 1 question 173 discussion,https://www.examtopics.com//discussions/comptia/view/53721-exam-pt0-001-topic-1-question-173-discussion/
page number : 135,Exam PT0-001 topic 1 question 171 discussion,https://www.examtopics.com//discussions/comptia/view/59348-exam-pt0-001-topic-1-question-171-discussion/
page number : 137,Exam PT0-001 topic 1 question 69 discussion,https://www.examtopics.com//discussions/comptia/view/18378-exam-pt0-001-topic-1-question-69-discussion/
page number : 138,Exam PT0-001 topic 1 question 91 discussion,https://www.examtopics.com//discussions/comptia/view/17462-exam-pt0-001-topic-1-question-91-discussion/
page number : 138,Exam PT0-001 topic 1 question 37 discussion,https://www.examtopics.com//discussions/comptia/view/13405-exam-pt0-001-topic-1-question-37-discussion/
page number : 138,Exam PT0-001 topic 1 question 36 discussion,https://www.examtopics.com//discussions/comptia/view/17562-exam-pt0-001-topic-1-question-36-discussion/
page number : 142,Exam PT0-001 topic 1 question 195 discussion,https://www.examtopics.com//discussions/comptia/view/53481-exam-pt0-001-topic-1-question-195-discussion/
page number : 142,Exam PT0-001 topic 1 question 194 discussion,https://www.examtopics.com//discussions/comptia/view/53724-exam-pt0-001-topic-1-question-194-discussion/
page number : 142,Exam PT0-001 topic 1 question 192 discussion,https://www.examtopics.com//discussions/comptia/view/52232-exam-pt0-001-topic-1-question-192-discussion/
page number : 142,Exam PT0-001 topic 1 question 176 discussion,https://www.examtopics.com//discussions/comptia/view/51627-exam-pt0-001-topic-1-question-176-discussion/
page number : 142,Exam PT0-001 topic 1 question 163 discussion,https://www.examtopics.com//discussions/comptia/view/56241-exam-pt0-001-topic-1-question-163-discussion/
page number : 142,Exam PT0-001 topic 1 question 164 discussion,https://www.examtopics.com//discussions/comptia/view/51616-exam-pt0-001-topic-1-question-164-discussion/
page number : 145,Exam PT0-001 topic 1 question 181 discussion,https://www.examtopics.com//discussions/comptia/view/56085-exam-pt0-001-topic-1-question-181-discussion/
page number : 146,Exam PT0-001 topic 1 question 126 discussion,https://www.examtopics.com//discussions/comptia/view/57420-exam-pt0-001-topic-1-question-126-discussion/
page number : 149,Exam PT0-001 topic 1 question 145 discussion,https://www.examtopics.com//discussions/comptia/view/52003-exam-pt0-001-topic-1-question-145-discussion/
page number : 149,Exam PT0-001 topic 1 question 105 discussion,https://www.examtopics.com//discussions/comptia/view/18537-exam-pt0-001-topic-1-question-105-discussion/
page number : 157,Exam PT0-001 topic 1 question 146 discussion,https://www.examtopics.com//discussions/comptia/view/57223-exam-pt0-001-topic-1-question-146-discussion/
page number : 158,Exam PT0-001 topic 1 question 185 discussion,https://www.examtopics.com//discussions/comptia/view/56920-exam-pt0-001-topic-1-question-185-discussion/
page number : 159,Exam PT0-001 topic 1 question 172 discussion,https://www.examtopics.com//discussions/comptia/view/53136-exam-pt0-001-topic-1-question-172-discussion/
page number : 159,Exam PT0-001 topic 1 question 129 discussion,https://www.examtopics.com//discussions/comptia/view/39036-exam-pt0-001-topic-1-question-129-discussion/
page number : 159,Exam PT0-001 topic 1 question 114 discussion,https://www.examtopics.com//discussions/comptia/view/18547-exam-pt0-001-topic-1-question-114-discussion/
page number : 159,Exam PT0-001 topic 1 question 72 discussion,https://www.examtopics.com//discussions/comptia/view/56131-exam-pt0-001-topic-1-question-72-discussion/
page number : 159,Exam PT0-001 topic 1 question 71 discussion,https://www.examtopics.com//discussions/comptia/view/16584-exam-pt0-001-topic-1-question-71-discussion/
page number : 160,Exam PT0-001 topic 1 question 184 discussion,https://www.examtopics.com//discussions/comptia/view/53342-exam-pt0-001-topic-1-question-184-discussion/
page number : 160,Exam PT0-001 topic 1 question 170 discussion,https://www.examtopics.com//discussions/comptia/view/52012-exam-pt0-001-topic-1-question-170-discussion/
page number : 160,Exam PT0-001 topic 1 question 68 discussion,https://www.examtopics.com//discussions/comptia/view/18106-exam-pt0-001-topic-1-question-68-discussion/
page number : 160,Exam PT0-001 topic 1 question 35 discussion,https://www.examtopics.com//discussions/comptia/view/17969-exam-pt0-001-topic-1-question-35-discussion/
page number : 160,Exam PT0-001 topic 1 question 33 discussion,https://www.examtopics.com//discussions/comptia/view/17968-exam-pt0-001-topic-1-question-33-discussion/
page number : 161,Exam PT0-001 topic 1 question 19 discussion,https://www.examtopics.com//discussions/comptia/view/17943-exam-pt0-001-topic-1-question-19-discussion/
page number : 161,Exam PT0-001 topic 1 question 9 discussion,https://www.examtopics.com//discussions/comptia/view/14756-exam-pt0-001-topic-1-question-9-discussion/
page number : 166,Exam PT0-001 topic 1 question 8 discussion,https://www.examtopics.com//discussions/comptia/view/14755-exam-pt0-001-topic-1-question-8-discussion/
page number : 168,Exam PT0-001 topic 1 question 40 discussion,https://www.examtopics.com//discussions/comptia/view/18000-exam-pt0-001-topic-1-question-40-discussion/
page number : 169,Exam PT0-001 topic 1 question 59 discussion,https://www.examtopics.com//discussions/comptia/view/20504-exam-pt0-001-topic-1-question-59-discussion/
page number : 170,Exam PT0-001 topic 1 question 130 discussion,https://www.examtopics.com//discussions/comptia/view/35120-exam-pt0-001-topic-1-question-130-discussion/
page number : 172,Exam PT0-001 topic 1 question 112 discussion,https://www.examtopics.com//discussions/comptia/view/18545-exam-pt0-001-topic-1-question-112-discussion/
page number : 180,Exam PT0-001 topic 1 question 54 discussion,https://www.examtopics.com//discussions/comptia/view/4335-exam-pt0-001-topic-1-question-54-discussion/
page number : 180,Exam PT0-001 topic 1 question 6 discussion,https://www.examtopics.com//discussions/comptia/view/17815-exam-pt0-001-topic-1-question-6-discussion/
page number : 184,Exam PT0-001 topic 1 question 187 discussion,https://www.examtopics.com//discussions/comptia/view/53833-exam-pt0-001-topic-1-question-187-discussion/
page number : 191,Exam PT0-001 topic 1 question 128 discussion,https://www.examtopics.com//discussions/comptia/view/17667-exam-pt0-001-topic-1-question-128-discussion/
page number : 197,Exam PT0-001 topic 1 question 82 discussion,https://www.examtopics.com//discussions/comptia/view/18390-exam-pt0-001-topic-1-question-82-discussion/
page number : 197,Exam PT0-001 topic 1 question 7 discussion,https://www.examtopics.com//discussions/comptia/view/17816-exam-pt0-001-topic-1-question-7-discussion/
page number : 198,Exam PT0-001 topic 1 question 127 discussion,https://www.examtopics.com//discussions/comptia/view/17809-exam-pt0-001-topic-1-question-127-discussion/
page number : 198,Exam PT0-001 topic 1 question 23 discussion,https://www.examtopics.com//discussions/comptia/view/17961-exam-pt0-001-topic-1-question-23-discussion/
page number : 198,Exam PT0-001 topic 1 question 10 discussion,https://www.examtopics.com//discussions/comptia/view/17930-exam-pt0-001-topic-1-question-10-discussion/
page number : 200,Exam PT0-001 topic 1 question 74 discussion,https://www.examtopics.com//discussions/comptia/view/17531-exam-pt0-001-topic-1-question-74-discussion/
page number : 203,Exam PT0-001 topic 1 question 47 discussion,https://www.examtopics.com//discussions/comptia/view/4508-exam-pt0-001-topic-1-question-47-discussion/
page number : 216,Exam PT0-001 topic 1 question 79 discussion,https://www.examtopics.com//discussions/comptia/view/18388-exam-pt0-001-topic-1-question-79-discussion/
page number : 225,Exam PT0-001 topic 1 question 83 discussion,https://www.examtopics.com//discussions/comptia/view/18391-exam-pt0-001-topic-1-question-83-discussion/
page number : 233,Exam PT0-001 topic 1 question 42 discussion,https://www.examtopics.com//discussions/comptia/view/2722-exam-pt0-001-topic-1-question-42-discussion/
page number : 233,Exam PT0-001 topic 2 question 1 discussion,https://www.examtopics.com//discussions/comptia/view/32048-exam-pt0-001-topic-2-question-1-discussion/
page number : 233,Exam PT0-001 topic 1 question 126 discussion,https://www.examtopics.com//discussions/comptia/view/18549-exam-pt0-001-topic-1-question-126-discussion/
page number : 233,Exam PT0-001 topic 1 question 101 discussion,https://www.examtopics.com//discussions/comptia/view/17776-exam-pt0-001-topic-1-question-101-discussion/
page number : 235,Exam PT0-001 topic 1 question 116 discussion,https://www.examtopics.com//discussions/comptia/view/16588-exam-pt0-001-topic-1-question-116-discussion/
page number : 235,Exam PT0-001 topic 1 question 22 discussion,https://www.examtopics.com//discussions/comptia/view/16440-exam-pt0-001-topic-1-question-22-discussion/
page number : 236,Exam PT0-001 topic 1 question 13 discussion,https://www.examtopics.com//discussions/comptia/view/17933-exam-pt0-001-topic-1-question-13-discussion/
page number : 238,Exam PT0-001 topic 1 question 39 discussion,https://www.examtopics.com//discussions/comptia/view/14769-exam-pt0-001-topic-1-question-39-discussion/
page number : 246,Exam PT0-001 topic 2 question 3 discussion,https://www.examtopics.com//discussions/comptia/view/39400-exam-pt0-001-topic-2-question-3-discussion/
page number : 247,Exam PT0-001 topic 1 question 75 discussion,https://www.examtopics.com//discussions/comptia/view/18384-exam-pt0-001-topic-1-question-75-discussion/
page number : 247,Exam PT0-001 topic 1 question 24 discussion,https://www.examtopics.com//discussions/comptia/view/17962-exam-pt0-001-topic-1-question-24-discussion/
page number : 255,Exam PT0-001 topic 1 question 137 discussion,https://www.examtopics.com//discussions/comptia/view/34568-exam-pt0-001-topic-1-question-137-discussion/
page number : 257,Exam PT0-001 topic 1 question 119 discussion,https://www.examtopics.com//discussions/comptia/view/17744-exam-pt0-001-topic-1-question-119-discussion/
page number : 262,Exam PT0-001 topic 1 question 65 discussion,https://www.examtopics.com//discussions/comptia/view/16962-exam-pt0-001-topic-1-question-65-discussion/
page number : 268,Exam PT0-001 topic 1 question 115 discussion,https://www.examtopics.com//discussions/comptia/view/16958-exam-pt0-001-topic-1-question-115-discussion/
page number : 268,Exam PT0-001 topic 1 question 88 discussion,https://www.examtopics.com//discussions/comptia/view/18397-exam-pt0-001-topic-1-question-88-discussion/
page number : 271,Exam PT0-001 topic 1 question 107 discussion,https://www.examtopics.com//discussions/comptia/view/16174-exam-pt0-001-topic-1-question-107-discussion/
page number : 272,Exam PT0-001 topic 1 question 96 discussion,https://www.examtopics.com//discussions/comptia/view/18531-exam-pt0-001-topic-1-question-96-discussion/
page number : 272,Exam PT0-001 topic 1 question 92 discussion,https://www.examtopics.com//discussions/comptia/view/18525-exam-pt0-001-topic-1-question-92-discussion/
page number : 272,Exam PT0-001 topic 1 question 90 discussion,https://www.examtopics.com//discussions/comptia/view/17464-exam-pt0-001-topic-1-question-90-discussion/
page number : 272,Exam PT0-001 topic 1 question 72 discussion,https://www.examtopics.com//discussions/comptia/view/18381-exam-pt0-001-topic-1-question-72-discussion/
page number : 273,Exam PT0-001 topic 1 question 43 discussion,https://www.examtopics.com//discussions/comptia/view/18003-exam-pt0-001-topic-1-question-43-discussion/
page number : 273,Exam PT0-001 topic 1 question 122 discussion,https://www.examtopics.com//discussions/comptia/view/17803-exam-pt0-001-topic-1-question-122-discussion/
page number : 274,Exam PT0-001 topic 1 question 22 discussion,https://www.examtopics.com//discussions/comptia/view/2202-exam-pt0-001-topic-1-question-22-discussion/
page number : 275,Exam PT0-001 topic 1 question 1 discussion,https://www.examtopics.com//discussions/comptia/view/5310-exam-pt0-001-topic-1-question-1-discussion/
page number : 275,Exam PT0-001 topic 1 question 2 discussion,https://www.examtopics.com//discussions/comptia/view/8097-exam-pt0-001-topic-1-question-2-discussion/
page number : 276,Exam PT0-001 topic 1 question 66 discussion,https://www.examtopics.com//discussions/comptia/view/12078-exam-pt0-001-topic-1-question-66-discussion/
page number : 276,Exam PT0-001 topic 1 question 38 discussion,https://www.examtopics.com//discussions/comptia/view/4507-exam-pt0-001-topic-1-question-38-discussion/
page number : 276,Exam PT0-001 topic 1 question 48 discussion,https://www.examtopics.com//discussions/comptia/view/4509-exam-pt0-001-topic-1-question-48-discussion/
